The Rockers,15900
The Coders,1208
The Byte Bandits,77770
The Debuggers,10002
Rubyists,9000
Gophers,8000
Band of Thieves,7999
Quantum Quartet,1023
Null Pointers,512
The Exceptionals,7996
404 Not Found,5
Syntax Serenaders,1234
The Infinite Loops,42
The Segfaults,1999
The Recursives,8888
The Stack Tracers,300
The Garbage Collectors,6789
The Code Monkeys,1
The Agile Avengers,4321
The Merge Conflicts,9999
The Hotfix Heroes,2500
The Rubber Duckies,3333
The Binary Beats,2
The Script Kiddies,5555
The Function Fanatics,4444
The Code Crusaders,6666
The Exception Handlers,777
The Debugging Dynamos,888
The Code Warriors,1111
The Syntax Savants,2222
The Logic Lords,333
The Algorithm Alchemists,444
The Code Conquerors,555
The Data Defenders,666
The Tech Titans,777
The Code Crafters,8880
The Pixel Pioneers,999
The Byte Busters,12345
The Code Ninjas,1357
The Script Sages,2468
The Function Fighters,3579
The Logic Legends,4680
The Debugging Demons,5791
The Code Guardians,6802
The Stack Stormers,7890
The Binary Brawlers,2345
The Quantum Coders,6789
The Agile Architects,4321
The Sprint Sprinters,8765
The Merge Magicians,3456
The Pull Pandas,987
The Commit Commandos,6543
The Fork Force,2100
The Branch Benders,3211
The Release Rockers,4322
The Nightly Ninjas,5433
The Lint Legends,6544
The Dependency Dragons,7655
The Singleton Sages,8766
The Proxy Panthers,9877
The Load Lions,1098
The API Alpacas,2109
The RESTful Ravens,3210
The Web Wizards,4321
The Cookie Crusaders,5432
The Session Spartans,6543
The Token Tigers,7654
The Encode Eagles,8765
The Decode Dolphins,9876
The Serialize Sharks,1097
The Deserialize Ducks,2108
The JSON Jaguars,3219
The XML Xplorers,4328
The YAML Yetis,5437
The TOML Turtles,6546
The Markdown Magpies,7655
The HTML Hawks,8764
The CSS Cobras,9873
The JavaScript Jackals,1092
The TypeScript Tigers,2101
The Go Gorillas,3212
The Rusty Rhinos,4323
The Python Pythons,5434
The Java Jaguars,6545
The C++ Cougars,7656
The C# Cheetahs,8767
The Swift Swans,9878
The Kotlin Koalas,1099
The Perl Penguins,2102
The Bash Baboons,3213
The Z Shell Zebras,4324
The PowerShell Parrots,5435
The Command Camels,6546
The Terminal Tigers,7657
The Prompt Panthers,8768
The Output Owls,9879
The Input Ibex,1100
The Buffer Bats,2103
The Heap Hippos,3214
The Stack Squirrels,4325
The Pointer Pumas,5436
The Memory Meerkats,6547
The Segfault Salamanders,7658
The Core Coyotes,8769
The Debugging Dingoes,9880
The Printf Porcupines,1101
The Logger Lemurs,2104
The Watchdog Weasels,3215
The Daemon Dalmatians,4326
The Cron Crocodiles,5437
The Scheduler Scorpions,6548
The Event Eagles,7659
The Callback Cobras,8770
The Promise Panthers,9881
The Awaiting Antelopes,1102
The Async Aardvarks,2105
The Thread Turtles,3216
The Mutex Mice,4327
The Semaphore Snakes,5438
Locking Lions,6549
